hs_code,country,year,volume,quantity
842810,BY,2022,110.276,43201.0
842810,BY,2023,98.918,43332.0
842810,BY,2024,100.48,41784.0
842810,CN,2022,78.788,24657.0
842810,CN,2023,84.855,25955.0
842810,CN,2024,86.759,25690.0
842810,DE,2022,18.583,2436.0
842810,DE,2023,43.12,4518.0
842810,DE,2024,41.54,4957.0
842810,TR,2022,9.913,2987.0
842810,TR,2023,14.317,4653.0
842810,TR,2024,18.489,5777.0
842810,FI,2022,9,1908.0
842810,FI,2023,15.761,3026.0
842810,FI,2024,10.185,1498.0
842810,GR,2022,9.412,1978.0
842810,GR,2023,7.156,1203.0
842810,GR,2024,9.35,1603.0
842810,CH,2022,13.301,2224.0
842810,CH,2023,12.194,1782.0
842810,CH,2024,6.395,758.0
842810,ES,2022,5.083,856.0
842810,ES,2023,6.03,965.0
842810,ES,2024,5.007,805.0
842810,SK,2022,0,0.0
842810,SK,2023,0,0.0
842810,SK,2024,4.941,858.0
842810,SE,2022,1.327,54.0
842810,SE,2023,1.079,89.0
842810,SE,2024,3.973,185.0
842810,EE,2022,0,0.0
842810,EE,2023,0.089,10.0
842810,EE,2024,3.012,114.0
842810,KR,2022,3.821,731.0
842810,KR,2023,1.617,306.0
842810,KR,2024,2.997,440.0
842810,IT,2022,13.892,2570.0
842810,IT,2023,4.722,300.0
842810,IT,2024,2.551,215.0
842810,UA,2022,0.421,147.0
842810,UA,2023,0.424,117.0
842810,UA,2024,1.867,232.0
842810,PL,2022,1.302,42.0
842810,PL,2023,0.278,27.0
842810,PL,2024,1.777,90.0
842810,RS,2022,2.908,713.0
842810,RS,2023,2.547,609.0
842810,RS,2024,1.599,357.0
842810,LT,2022,1.204,423.0
842810,LT,2023,1.536,647.0
842810,LT,2024,0.94,382.0
842810,DK,2022,0,0.0
842810,DK,2023,0.249,8.0
842810,DK,2024,0.79,24.0
842810,BG,2022,0.49,85.0
842810,BG,2023,0.734,113.0
842810,BG,2024,0.766,116.0
842810,FR,2022,2.849,274.0
842810,FR,2023,1.656,160.0
842810,FR,2024,0.674,61.0
842810,BE,2022,0,0.0
842810,BE,2023,0.631,40.0
842810,BE,2024,0.657,41.0
842810,CZ,2022,1.635,218.0
842810,CZ,2023,1.602,216.0
842810,CZ,2024,0.593,50.0
842810,CA,2022,0,0.0
842810,CA,2023,0,0.0
842810,CA,2024,0.56,16.0
842810,ZA,2022,0,0.0
842810,ZA,2023,0,0.0
842810,ZA,2024,0.459,22.0
842810,TH,2022,0,0.0
842810,TH,2023,0,0.0
842810,TH,2024,0.332,6.0
842810,NL,2022,0.595,23.0
842810,NL,2023,0.267,15.0
842810,NL,2024,0.108,2.0
842810,US,2022,0.02,1.0
842810,US,2023,0.002,0.0
842810,US,2024,0.032,1.0
842810,NO,2022,0,0.0
842810,NO,2023,0.014,0.0
842810,NO,2024,0.011,0.0
842810,AM,2022,0,0.0
842810,AM,2023,0,0.0
842810,AM,2024,0,0.0
842810,KZ,2022,0.049,23.0
842810,KZ,2023,0.066,15.0
842810,KZ,2024,0,0.0
842810,AT,2022,0,0.0
842810,AT,2023,0,0.0
842810,AT,2024,0,0.0
842810,BA,2022,0,0.0
842810,BA,2023,0,0.0
842810,BA,2024,0,0.0
842810,HU,2022,0,0.0
842810,HU,2023,0,0.0
842810,HU,2024,0,0.0
842810,JP,2022,0,0.0
842810,JP,2023,0.002,0.0
842810,JP,2024,0,0.0
842810,LV,2022,0,0.0
842810,LV,2023,0,0.0
842810,LV,2024,0,0.0
842810,LU,2022,0.235,2.0
842810,LU,2023,0,0.0
842810,LU,2024,0,0.0
842810,TW,2022,0,0.0
842810,TW,2023,0,0.0
842810,TW,2024,0,0.0
842810,IN,2022,0.01,1.0
842810,IN,2023,0,0.0
842810,IN,2024,0,0.0
842810,VN,2022,0,0.0
842810,VN,2023,0,0.0
842810,VN,2024,0,0.0
842810,SI,2022,0.253,41.0
842810,SI,2023,0.101,12.0
842810,SI,2024,0,0.0
842810,GB,2022,0.019,1.0
842810,GB,2023,0.026,1.0
842810,GB,2024,0,0.0
330300,FR,2022,316.569,6887.0
330300,FR,2023,176.841,4236.0
330300,FR,2024,287.72,6094.0
330300,IT,2022,64.796,1444.0
330300,IT,2023,42.537,854.0
330300,IT,2024,72.193,1475.0
330300,ES,2022,52.434,2209.0
330300,ES,2023,34.301,1796.0
330300,ES,2024,51.377,2273.0
330300,PL,2022,27.625,2571.0
330300,PL,2023,28.326,2414.0
330300,PL,2024,35.864,2322.0
330300,DE,2022,32.689,1030.0
330300,DE,2023,17.981,684.0
330300,DE,2024,27.41,886.0
330300,US,2022,17.038,493.0
330300,US,2023,11.432,406.0
330300,US,2024,18.953,574.0
330300,GB,2022,18.249,223.0
330300,GB,2023,14.931,177.0
330300,GB,2024,16.448,201.0
330300,CH,2022,8.119,172.0
330300,CH,2023,3.693,85.0
330300,CH,2024,7.058,179.0
330300,BY,2022,5.157,1210.0
330300,BY,2023,5.262,1324.0
330300,BY,2024,5.787,754.0
330300,KZ,2022,0.312,29.0
330300,KZ,2023,2.281,167.0
330300,KZ,2024,5.743,270.0
330300,TR,2022,1.975,240.0
330300,TR,2023,1.799,196.0
330300,TR,2024,5.504,586.0
330300,AE,2022,3.924,252.0
330300,AE,2023,3.256,194.0
330300,AE,2024,5.089,350.0
330300,CZ,2022,3.951,245.0
330300,CZ,2023,4.076,207.0
330300,CZ,2024,3.538,164.0
330300,DK,2022,1.352,18.0
330300,DK,2023,1.086,12.0
330300,DK,2024,1.261,15.0
330300,UA,2022,0.174,32.0
330300,UA,2023,0.141,36.0
330300,UA,2024,1.051,26.0
330300,CN,2022,0.527,57.0
330300,CN,2023,0.398,49.0
330300,CN,2024,1.035,79.0
330300,BH,2022,0.621,8.0
330300,BH,2023,0.369,4.0
330300,BH,2024,0.677,8.0
330300,GR,2022,0.248,16.0
330300,GR,2023,0.334,24.0
330300,GR,2024,0.503,34.0
330300,OM,2022,0.172,2.0
330300,OM,2023,0.293,3.0
330300,OM,2024,0.398,4.0
330300,SE,2022,5.768,460.0
330300,SE,2023,1.278,113.0
330300,SE,2024,0.329,15.0
330300,ZZ,2022,0,
330300,ZZ,2023,0,
330300,ZZ,2024,0.271,
330300,BE,2022,0.339,11.0
330300,BE,2023,0.037,0.0
330300,BE,2024,0.182,1.0
330300,AU,2022,0.004,0.0
330300,AU,2023,0.004,0.0
330300,AU,2024,0.136,2.0
330300,NL,2022,0.046,2.0
330300,NL,2023,0.053,2.0
330300,NL,2024,0.132,1.0
330300,AM,2022,0,0.0
330300,AM,2023,0.07,8.0
330300,AM,2024,0.121,4.0
330300,BG,2022,0.128,6.0
330300,BG,2023,0.076,3.0
330300,BG,2024,0.103,4.0
330300,LV,2022,0.393,31.0
330300,LV,2023,0,0.0
330300,LV,2024,0.074,5.0
330300,CA,2022,0.036,0.0
330300,CA,2023,0.035,0.0
330300,CA,2024,0.061,0.0
330300,AT,2022,0.008,0.0
330300,AT,2023,0.025,1.0
330300,AT,2024,0.016,0.0
330300,JP,2022,0.022,0.0
330300,JP,2023,0.006,0.0
330300,JP,2024,0.014,0.0
330300,KG,2022,0,0.0
330300,KG,2023,0,0.0
330300,KG,2024,0.011,1.0
330300,GE,2022,0.004,0.0
330300,GE,2023,0.001,0.0
330300,GE,2024,0.008,0.0
330300,UZ,2022,0,0.0
330300,UZ,2023,0,0.0
330300,UZ,2024,0.006,1.0
330300,SK,2022,0.009,0.0
330300,SK,2023,0.006,0.0
330300,SK,2024,0.005,0.0
330300,TH,2022,0,0.0
330300,TH,2023,0.01,0.0
330300,TH,2024,0.005,0.0
330300,IL,2022,0.013,1.0
330300,IL,2023,0.003,0.0
330300,IL,2024,0.002,0.0
330300,SI,2022,0,0.0
330300,SI,2023,0,0.0
330300,SI,2024,0.002,0.0
330300,LT,2022,0,0.0
330300,LT,2023,0.001,0.0
330300,LT,2024,0.001,0.0
330300,EU,2022,0,
330300,EU,2023,0,
330300,EU,2024,0,
330300,BR,2022,0.001,0.0
330300,BR,2023,0,0.0
330300,BR,2024,0,0.0
330300,CL,2022,0.004,0.0
330300,CL,2023,0,0.0
330300,CL,2024,0,0.0
330300,CY,2022,0,0.0
330300,CY,2023,0,0.0
330300,CY,2024,0,0.0
330300,HU,2022,0,0.0
330300,HU,2023,0,0.0
330300,HU,2024,0,0.0
330300,ID,2022,0,0.0
330300,ID,2023,0.001,0.0
330300,ID,2024,0,0.0
330300,IE,2022,0.401,1.0
330300,IE,2023,0,0.0
330300,IE,2024,0,0.0
330300,KR,2022,0.052,1.0
330300,KR,2023,0.017,1.0
330300,KR,2024,0,0.0
330300,LU,2022,0.039,1.0
330300,LU,2023,0,0.0
330300,LU,2024,0,0.0
330300,MX,2022,0.019,1.0
330300,MX,2023,0,0.0
330300,MX,2024,0,0.0
330300,MA,2022,0,0.0
330300,MA,2023,0.004,0.0
330300,MA,2024,0,0.0
330300,SA,2022,0.021,1.0
330300,SA,2023,0,0.0
330300,SA,2024,0,0.0
330300,RS,2022,0,0.0
330300,RS,2023,0,0.0
330300,RS,2024,0,0.0
330300,IN,2022,0.003,1.0
330300,IN,2023,0,0.0
330300,IN,2024,0,0.0
330300,EG,2022,0.009,
330300,EG,2023,0.005,
330300,EG,2024,0,
847290,CN,2022,195.111,10842.0
847290,CN,2023,130.686,6930.0
847290,CN,2024,140.849,8141.0
847290,DE,2022,23.674,1753.0
847290,DE,2023,28.409,1810.0
847290,DE,2024,23.844,1580.0
847290,HU,2022,33.904,1303.0
847290,HU,2023,14.703,620.0
847290,HU,2024,19.3,777.0
847290,KR,2022,23.191,638.0
847290,KR,2023,10.529,229.0
847290,KR,2024,7.74,223.0
847290,JP,2022,2.084,36.0
847290,JP,2023,0.664,12.0
847290,JP,2024,6.675,279.0
847290,IN,2022,5.583,223.0
847290,IN,2023,1.401,97.0
847290,IN,2024,2.5,131.0
847290,VN,2022,0,0.0
847290,VN,2023,0.058,9.0
847290,VN,2024,2.161,73.0
847290,TW,2022,3.161,56.0
847290,TW,2023,1.2,18.0
847290,TW,2024,1.022,25.0
847290,PH,2022,2.411,52.0
847290,PH,2023,0.591,8.0
847290,PH,2024,0.922,13.0
847290,PL,2022,0.003,1.0
847290,PL,2023,0.601,7.0
847290,PL,2024,0.647,7.0
847290,IT,2022,0.236,6.0
847290,IT,2023,0.223,19.0
847290,IT,2024,0.541,49.0
847290,MX,2022,1.461,8.0
847290,MX,2023,0.729,4.0
847290,MX,2024,0.43,2.0
847290,BY,2022,0.319,52.0
847290,BY,2023,0.242,24.0
847290,BY,2024,0.21,17.0
847290,NL,2022,0.456,5.0
847290,NL,2023,0.347,5.0
847290,NL,2024,0.136,4.0
847290,GB,2022,0.12,0.0
847290,GB,2023,0.066,0.0
847290,GB,2024,0.078,0.0
847290,DK,2022,0.009,0.0
847290,DK,2023,0.005,0.0
847290,DK,2024,0.052,1.0
847290,SE,2022,0.061,1.0
847290,SE,2023,0.051,1.0
847290,SE,2024,0.047,1.0
847290,HK,2022,0.081,7.0
847290,HK,2023,0.036,3.0
847290,HK,2024,0.035,3.0
847290,MY,2022,0,0.0
847290,MY,2023,0.013,1.0
847290,MY,2024,0.026,2.0
847290,US,2022,0.626,6.0
847290,US,2023,0.104,2.0
847290,US,2024,0.023,1.0
847290,ID,2022,0.007,0.0
847290,ID,2023,0.016,0.0
847290,ID,2024,0.017,0.0
847290,CZ,2022,0.008,0.0
847290,CZ,2023,0.018,1.0
847290,CZ,2024,0.014,1.0
847290,ES,2022,0.049,1.0
847290,ES,2023,0.007,0.0
847290,ES,2024,0.004,0.0
847290,FR,2022,0,0.0
847290,FR,2023,0.124,1.0
847290,FR,2024,0,0.0
847290,KP,2022,0.005,0.0
847290,KP,2023,0,0.0
847290,KP,2024,0,0.0
847290,EU,2022,0,
847290,EU,2023,0,
847290,EU,2024,0,
847290,UA,2022,0.002,0.0
847290,UA,2023,0.006,0.0
847290,UA,2024,0,0.0
847290,AT,2022,0,0.0
847290,AT,2023,0,0.0
847290,AT,2024,0,0.0
847290,BE,2022,0.069,2.0
847290,BE,2023,0,0.0
847290,BE,2024,0,0.0
847290,BG,2022,0,0.0
847290,BG,2023,0,0.0
847290,BG,2024,0,0.0
847290,CA,2022,0.054,0.0
847290,CA,2023,0.017,0.0
847290,CA,2024,0,0.0
847290,FI,2022,0,0.0
847290,FI,2023,0,0.0
847290,FI,2024,0,0.0
847290,GE,2022,0,0.0
847290,GE,2023,0,0.0
847290,GE,2024,0,0.0
847290,KZ,2022,0.003,1.0
847290,KZ,2023,0.001,0.0
847290,KZ,2024,0,0.0
847290,LT,2022,0,0.0
847290,LT,2023,0.002,0.0
847290,LT,2024,0,0.0
847290,MD,2022,0,0.0
847290,MD,2023,0,0.0
847290,MD,2024,0,0.0
847290,PT,2022,0.005,0.0
847290,PT,2023,0.002,0.0
847290,PT,2024,0,0.0
847290,SG,2022,0.023,3.0
847290,SG,2023,0,0.0
847290,SG,2024,0,0.0
847290,SK,2022,0,0.0
847290,SK,2023,0,0.0
847290,SK,2024,0,0.0
847290,SI,2022,0,0.0
847290,SI,2023,0,0.0
847290,SI,2024,0,0.0
847290,CH,2022,0,0.0
847290,CH,2023,0,0.0
847290,CH,2024,0,0.0
847290,TH,2022,0.002,0.0
847290,TH,2023,0,0.0
847290,TH,2024,0,0.0
847290,TR,2022,0,0.0
847290,TR,2023,0,0.0
847290,TR,2024,0,0.0
